<xml xmlns="http://www.w3.org/1999/xhtml">
  <block type="io_digitalwrite" id="8+m!#pI0(WXO45[zU}%Z" x="24" y="55">
    <field name="PIN">13</field>
    <value name="STATE">
      <block type="io_highlow" id="s/6)+.Z-8ScswNhvH3#0">
        <field name="STATE">HIGH</field>
      </block>
    </value>
    <next>
      <block type="time_delay" id="Lbx7.+`13RXF{cbAwqC%">
        <value name="DELAY_TIME_MILI">
          <block type="math_number" id="51OEqlaO7=w8wT1!S}#m">
            <field name="NUM">100</field>
          </block>
        </value>
        <next>
          <block type="io_digitalwrite" id="miOCcfL93hOisLbxG,kl">
            <field name="PIN">13</field>
            <value name="STATE">
              <block type="io_highlow" id="vC~v!WC54aV1h+WRb[z8">
                <field name="STATE">LOW</field>
              </block>
            </value>
            <next>
              <block type="time_delay" id="5^IR[1FW+NW,-pZCpO3Z">
                <value name="DELAY_TIME_MILI">
                  <block type="math_number" id="_k,yom?!-Z|n)w#5!_M~">
                    <field name="NUM">100</field>
                  </block>
                </value>
                <next>
                  <block type="io_digitalwrite" id="eLK%[Q[KzsE2~NP%OQiE">
                    <field name="PIN">13</field>
                    <value name="STATE">
                      <block type="io_highlow" id="pF)Q+V`XX?bp!.GG6X.~">
                        <field name="STATE">HIGH</field>
                      </block>
                    </value>
                    <next>
                      <block type="time_delay" id="-e,#lh~{h{f`lq8SdQo1">
                        <value name="DELAY_TIME_MILI">
                          <block type="math_number" id="dp6ZYPwe%GY|{Sn=2?ec">
                            <field name="NUM">100</field>
                          </block>
                        </value>
                        <next>
                          <block type="io_digitalwrite" id="70*eKgs:fs!(BP0O0FL_">
                            <field name="PIN">13</field>
                            <value name="STATE">
                              <block type="io_highlow" id="Xz#0RXM(}U@L6swwqN`2">
                                <field name="STATE">LOW</field>
                              </block>
                            </value>
                            <next>
                              <block type="time_delay" id="dYwTEB}~X++XCp^M|]*+">
                                <value name="DELAY_TIME_MILI">
                                  <block type="math_number" id="*pu~%aocLZ-%WP5#tOH}">
                                    <field name="NUM">1000</field>
                                  </block>
                                </value>
                              </block>
                            </next>
                          </block>
                        </next>
                      </block>
                    </next>
                  </block>
                </next>
              </block>
            </next>
          </block>
        </next>
      </block>
    </next>
  </block>
</xml>